Original Query,Variant 1,Variant 2,Variant 3
restaurants near Central Park,restaurrants enar Central Parkk,restaurants near Central Park,redtaurants near Cntral Park
shortest route to Times Square from JFK Airport,shortest route to iTmes Squrae from JF Airport,shortest route to Times Sqquare from JK Airport,shotrest route to Timed Squarre from JFK Airporrt
petrol stations open now in downtown Los Angeles,petrol stations oepn now inn downtown Los Angeles,petrol stations open now in downtown Los Angeles,petrol stations open nwo in downtown Los Angeles
walking directions to Eiffel Tower from Louvre Museum,walking directions to Eiffel Twoer from Louvre Museum,wslking directions to Eiffel Tower from Louvre Museum,walknig directions to Eigfel Tower from Louvre Musum
nearest hiking trails in Yosemite National Park,nearest jiking trail in Yosemite National Park,nearest hikng trails in Yosemite Naational Parkk,nearest hiking traills in Yosemite National Park
software engineer jobs in San Francisco,software engineer jobs in Sn Franciisco,software engineer jobs in San Francisco,software enngineer jos in aSn Francisco
remote work opportunities in marketing,remote work opportunities in maarketing,remote work opportuinties in marketing,remote work opportunities in marketing
freelance graphic design projects for beginners,freelance graphic design projects gor beeginners,freelaance graphic deign projects foor beginners,freelance hraphic desing projects forr beginnners
data scientist positions at Google,data scientist postiions at Goohle,dtaa csientist positions att Google,data scientisst positions at Google
entry-level mechanical engineering jobs in Austin,entry-level mechanical engineering ojbs in Austtin,entry-level mechanical engineering jobs in Audtin,entry-level mechaniical enhineering jobs in Austin
cheap flights from New York to London,cheap flighs from New York to Lnodon,cheeap lfights from New Yok too London,cheap flights from New York to Lonfon
nonstop flights to Tokyo from Los Angeles,nnostop flgihts t Tokyo from Los Angeles,nondtop flights to Tokyo rfom Los Angelles,nonstop flihgts to Tokyo from Lso Angels
business class deals to Paris in December,busness class dals to Psris in December,business class deals too Paris in December,bsiness lcass dealls t Pariis in December
flights under $500 to Hawaii in January,flights under $50 t Hawaii in Januay,lfights under $500 to aHwaii in aJnuary,lfights under $500 to Hawaii in January
flight schedules for Delta Airlines to Chicago,flight schedules for Delta Ailines to Chicaog,flight schedules foor Delta Airlined to Cjicago,flight schedules fr Delta Airlines to Chicago
best laptops under $1000,best laptops unnder $1000,best laptops under $100,best laptops under $100
organic skincare products with good reviews,organic skincare product with good revies,organic skincare poducts with good reviews,organic skincre productss with good reviews
discounted furniture for small apartments,disconuted furniture fr small apartments,discounted furniture for small apartments,discounted gurniture gor smal apartments
latest iPhone models with trade-in offers,latest iPhone models with tarde-in fofers,lattest iPhone modells with trade-in offers,latest iPhone models with trad-in offers
top-rated noise-cancelling headphones,top-rated noiise-cancelling headhones,top-rated noise-cancelling headphones,toop-rated noide-cancelling headphones
yoga classes near me,yogga clssses near me,yoga classes near me,yoga classes near m
gyms with personal trainers in Miami,gyms with personal trainers in Miaim,gyms with personal trainres inn Miami,gys iwth personal trainer in iMami
low-carb meal prep ideas for weight loss,low-csrb meal rpep idaes fro weihht loss,low-csrb meal prepp ideas for weight loss,low-caarb meal prep ides for weight loss
home remedies for back pain relief,home remedies for back pain relief,home remedies for back pain relie,hmoe remediess for back pain relief
best running shoes for flat feet,best running shoes for flat fee,bedt running shoes for fllat feet,best runninh shoes fr falt geet
movies playing near me this weekend,movies playing nea me thhis weekend,movis playing near me this weelend,mvoies playing near me thsi weekend
top-rated fantasy novels of 2024,top-rated fantsy noevls of 2024,tpo-rated fantasy novesl of 2042,top-rated fantasy novel of 2024
concerts in Chicago this month,concerts in Chicago this month,concerts in Chicgo this month,concerts in Cihcago this month
free streaming platforms for documentaries,free streaming pltaforms for documentaries,gree streaming pltaforms ofr documentaries,free streaminng plstforms ofr documentaries
latest episodes of Stranger Things,latest episodes of Strange Thngs,lstest eipsodes of Stranger Things,latest epidodes of Strangr Things
best hotels in Bali for families,best hotels in Balli fo families,best htels in Bsli for families,best hotels in Bali gor gamilies
top-rated attractions in Rome,top-rated attractions in Rome,top-rated attratcions in Rome,top-rated attractions i Rome
all-inclusive resorts in the Caribbean,all-incluive redorts in the Caribbean,all-inclusive resorts in the Caribbean,all-inclusive rsorts in the Caribbean
visa requirements for US citizens visiting Canada,visa requirements fro US citizens visiting Csnada,visa requirements for US citizzens visitnig Canada,visa requiremnets for US citizenss visiting Canada
weather forecast for Cancun next week,weather forecasst for Cancun enxt week,weather gorecast for Csncun next week,weather forcast for Cancun nxet ewek
history of the Great Wall of China,history of the Great Wll o China,historyy of the Great Wall of hCina,history of teh Grreat Waall of Chin
how to solve quadratic equations,how to sovle quadratic equations,how to solev quadratic equations,how to solve quadratic equatons
current events in the Middle East,current events in te Middle East,current events in the Middle East,current events in thee Middlle Esst
free online courses for Python programming,freee online courses for Python programming,gree online courses fo Pythonn progrramming,gree online courses for Python programming
most famous paintings by Van Gogh,msot famous paintings by Van Gogh,most famous pintings by Van Gogh,omst faamous paintings by Vaan Gogh
plumbers near me with good reviews,plumberd near me with good reviews,plumbers near m witj good reviews,plumbers neaar me with good reviews
24-hour pharmacies in Boston,244-hour pharmaciees in Booston,24-hour pharmacies in Boston,2-hour pjarmacies in Boston
car repair shops in San Diego,car repair shops in San Diego,cra reapir shops inn Sna Diego,car repaair shops in San Diego
affordable wedding photographers in New York,affordable weding photographers in New York,sffordable wedding photographers in New Yoork,affordable wedding photographer in Ne Yokr
dog groomers open on Sundays,do groomers open on Sundays,dog groomers open on Sundays,dog groomers oen onn Sundays
